id	name	start	end
/w/1122222222	Main Street	/n/1111.2222.33	/n/1111.2222.44
/w/2222222222	One Wai Street	/n/1111.2222.33	/n/1111.2222.55
/w/3322222222	Main Street	/n/1111.2222.44	/n/1111.2222.33
/w/4422222222	Banana Court	/n/1111.2222.55	/n/1111.2222.44
/w/5522222222	Banana Court	/n/1111.2222.44	/n/1111.2222.55
/w/6622222222	Scorpio	/n/1111.2222.55	/n/2222.3333.77
/w/7722222222	onesie	/n/1111.2222.44	/n/2222.3333.00
/w/8822222222	solo	/n/2222.3333.00	/n/1111.2222.55
/w/9922222222	Scorpio	/n/2222.3333.77	/n/1111.2222.55
/w/1022222222	1 Court	/n/2222.3333.00	/n/2222.3333.77
